member_casual,start_station_name,rides
casual,Streeter Dr & Grand Ave,48313
casual,DuSable Lake Shore Dr & Monroe St,32194
casual,Michigan Ave & Oak St,23294
casual,DuSable Lake Shore Dr & North Blvd,21356
casual,Millennium Park,20837
casual,Shedd Aquarium,20112
casual,Dusable Harbor,17262
casual,Theater on the Lake,15398
casual,Michigan Ave & 8th St,12554
casual,Adler Planetarium,12272
member,Kingsbury St & Kinzie St,26807
member,Clinton St & Washington Blvd,25164
member,Clinton St & Madison St,22643
member,Clark St & Elm St,22403
member,Clinton St & Jackson Blvd,18636
member,Wells St & Concord Ln,18129
member,Wells St & Elm St,17933
member,Dearborn St & Erie St,17557
member,University Ave & 57th St,17499
member,Canal St & Madison St,17080
